ID,SEQUENCE,MIC,AIPx,,log10MIC
9706,FIFHIIKGLFHAGKMIHGLVTRRRH,3.7346,0.64,,0.572244093
7871,VTCDLLSFKGQVNDSACAANCLSLGKAGGHCEKGVCICRKTSFKDLWDKRF,4,0.384,,0.602059991
10591,TRRKFWKKVLNGALKIAPFLLG,4.69,0.658,,0.671172843
10590,RRGLFKKLRRKIKKGFKKIFKRLPPVGVGVSIPLAGRR,4.69,0.672,,0.671172843
1003,GWGSFFKKAAHVGKHVGKAALTHYL,8,0.557,,0.903089987
8157,KFFKRLLKSVRRAVKKFRKKPRLIGLSTLL,9.38,0.745,,0.972202838
18782,FIFHVIKGLFHAGKMIHGLVTRRRH,9.38,0.632,,0.972202838
17031,EGCNILCLLKRKVKAVKNVVKNVVKSVVG,9.38,0.657,,0.972202838
18781,FLKHIKSFWRGAKAIFRGARQGWREHR,9.38,0.569,,0.972202838
9705,FIFHIIKGLFHAGKMIHGLVTRRRHGVEELQDLDQRAFEREKAFA,13.3056,0.452,,1.124034463
9708,FFFHIIKGLFHAGRMIHGLVNRRRHRHGMEELDLDQRAFEREKAFA,13.9839,0.474,,1.14562831
12428,TRGRWGRFKRRAGRFIRRNRWQIISTGLKLIG,18.75,0.661,,1.273001272
17030,KKCNFFCKLKKKVKSVGSRNLIGSATHHHRIYRV,18.75,0.465,,1.273001272
10592,TRWLWLLRGGLKAAGWGIRAHLNRNQ,37.5,0.485,,1.574031268
16195,SPSRSCNTHCPDPYLNLPGHYVCCDQHPGKCFRRDKCPPHELNKGLRQTIKYCHYDPECALHEKCCYDVCIEAKVCKLPE,115.549,0.342,,2.062766191
8708,NPAGCRFCCGCCPNMIGCGVCCRF,125.759,0.446,,2.099539075
13806,FFRHIVGAISRIFGQKQRDMAD,129.702,0.523,,2.112946673
13807,GLLKSLCRKFVKVHLPELIEELTTTD,149.331,0.535,,2.174149973
8707,QSHLSMCRYCCNCCRNNKGCGFCCKF,150.586,0.399,,2.177784597
13803,QSHLSLCRWCCNCCNRYKGCGFCCKF,153.29,0.406,,2.185513824
13805,KGARQAWKDYKYNRNMQKMNQGYGQQGG,165.538,0.184,,2.218897704
18780,FLGTLLHGAVHVSKILHGIMGGDH,200,0.614,,2.301029996
13804,SLLWRWNSMKPVGASCRDHLECGTKYCRRSICTF,200.391,0.407,,2.301878213
16194,SPSRSCNTHCPDPYLNLPGHYVCCDQHPGKCPPVPHCPAYPRKCFYDPECGLNEKCCNTPCGGKRCISIPYSGK,203.691,0.238,,2.30897184
11984,GRPSPSPSCRSWCKRPGHPEKNAFYCCDFGIGTVGKPFATHPGKCPHRPICPEGLYTRGPAPTVCAHDGQCSKHEKCCADACLEHHTCLLADP,250.919,0.33,,2.399533548
5625,TDHQMAQSACIGVSQDNAYASAIPRDCHGGKTCEGICADATATMDRYSDTGGPLSTARCVNAFHFYKRRGEENVSYKPFVVSWKYGVAGCFYTHCGPNFCCCIS,282.098,0.33,,2.450400007
8161,GFGCPEDEYECHNHCKNSVGCRGGYCDAGTLRQRCTCYGCNQKGRSIQE,543.715,0.164,,2.735371314
4199,FIHHIIGGLFSAGKAIHRLIRRRRR,0.03,0.767,,-1.522878745
4202,FIHHIIGWISHGVRAIHRAIHG,1.24,0.764,,0.093421685
4198,FIHHIIGGLFSVGKHIHSLIHGH,2.44,0.664,,0.387389826
4867,FFHHIFRGIVHVGKTIHRLVTG,3.1,0.73,,0.491361694
4178,LGAXLAGKVAGTVATYAXNRYV,4.04414,0.589,,0.606826182
8157,KFFKRLLKSVRRAVKKFRKKPRLIGLSTLL,4.69,0.745,,0.671172843
5569,FIHHIFRGIVHAGRSIGRFLTG,6.3,0.73,,0.799340549
1003,GWGSFFKKAAHVGKHVGKAALTHYL,8,0.557,,0.903089987
5889,QGWEAVAAAVASKIVGLWRNEKTELLGHECKFTVKPYLKRFQVYYKGRMWCPGWTAIRGEASTRSQSGVAGKTAKDFVRKAFQKGLISQQEANQWLSS,8.62909,0.479,,0.935964999
5786,QYEALTAAILTKLSKMWHSDTLNFLGHTCHVSRTPTVKRFKLYWKGKFWCPGWAPFSGTSRTKSRSGSAREATKSFVDQALQRRLITQQEADLWLKG,11.3792,0.398,,1.056111731
4200,QLQGKQVSGEVVQKVLQELIQSVAKP,17.64,0.43,,1.246498581
18782,FIFHVIKGLFHAGKMIHGLVTRRRH,18.75,0.632,,1.273001272
10247,FLQHIIGALSHFF,19.4161,0.725,,1.288162
10245,FIHHIIGALGHLF,19.454,0.762,,1.289008912
10246,FLQHIIGALTHIF,19.464,0.748,,1.289232096
4197,GECIWDAIFHGAKHFLHRLVNP,19.52,0.52,,1.290479813
4196,FDWDSVLKGVEGFVRGYF,23.57,0.46,,1.372359583
18781,FLKHIKSFWRGAKAIFRGARQGWREHR,37.5,0.569,,1.574031268
10244,FLQHIIGALGHLF,38.9631,0.741,,1.590653503
4338,AANFGPSVFTPEVHETWQKFLNVVVAALGKQYH,50,0.468,,1.698970004
5788,ASFDISSFISTTADTVIKRLYVDREINLFDHYCIISRSPHISRWELKWQATVTCPGWTPVKGKVRGYSNPLSAEREATRDFVQRIVQRGLVTRDEASEWL,90.0796,0.469,,1.954626449
2017,GFGCPGNQLKCNNHCKSISCRAGYCDAATLWLRCTCTDCNGKK,92.9306,0.298,,1.968158741
17031,EGCNILCLLKRKVKAVKNVVKNVVKSVVG,100,0.657,,2
17030,KKCNFFCKLKKKVKSVGSRNLIGSATHHHRIYRV,100,0.465,,2
16195,SPSRSCNTHCPDPYLNLPGHYVCCDQHPGKCFRRDKCPPHELNKGLRQTIKYCHYDPECALHEKCCYDVCIEAKVCKLPE,115.549,0.342,,2.062766191
8708,NPAGCRFCCGCCPNMIGCGVCCRF,125.759,0.446,,2.099539075
19178,CLGIGSCNDFAGCGYAVVCFW,128,0.518,,2.10720997
13806,FFRHIVGAISRIFGQKQRDMAD,129.702,0.523,,2.112946673
13807,GLLKSLCRKFVKVHLPELIEELTTTD,149.331,0.535,,2.174149973
8707,QSHLSMCRYCCNCCRNNKGCGFCCKF,150.586,0.399,,2.177784597
13803,QSHLSLCRWCCNCCNRYKGCGFCCKF,153.29,0.406,,2.185513824
13805,KGARQAWKDYKYNRNMQKMNQGYGQQGG,165.538,0.184,,2.218897704
18780,FLGTLLHGAVHVSKILHGIMGGDH,200,0.614,,2.301029996
13804,SLLWRWNSMKPVGASCRDHLECGTKYCRRSICTF,200.391,0.407,,2.301878213
16194,SPSRSCNTHCPDPYLNLPGHYVCCDQHPGKCPPVPHCPAYPRKCFYDPECGLNEKCCNTPCGGKRCISIPYSGK,203.691,0.238,,2.30897184
6613,YRGGYTGPIPRPPPIGRPPFRPVCNACYRLSVSDARNCCIKFGSCCHLVK,221.028,0.477,,2.344447294
11984,GRPSPSPSCRSWCKRPGHPEKNAFYCCDFGIGTVGKPFATHPGKCPHRPICPEGLYTRGPAPTVCAHDGQCSKHEKCCADACLEHHTCLLADP,250.919,0.33,,2.399533548
6614,XVYKGGYTRPIPRPPPFVRPLPGGPIGPYNGCPVSCRGISFSQARSCCSRLGRCCHVGKGYS,264.954,0.427,,2.42317048
